{
  "lr": 0.000988707371939829,
  "dropout": 0.4439432009560035,
  "weight_decay": 5.2006665030932975e-05
}